{
    "XGBoost": {
        "temperature": 0.011125569231808186,
        "humidity": 0.01760203018784523,
        "wind_speed": 0.029711326584219933,
        "precipitation": 0.01792593114078045,
        "holiday": 0.0,
        "year": 0.014186031185090542,
        "month": 0.0358506515622139,
        "day": 0.03402790054678917,
        "day_of_week": 0.03073832392692566,
        "day_of_year": 0.03309063985943794,
        "week_of_year": 0.13559125363826752,
        "quarter": 0.0,
        "month_sin": 0.07072971761226654,
        "month_cos": 0.49397340416908264,
        "day_of_week_sin": 0.03381487727165222,
        "day_of_week_cos": 0.04163233935832977,
        "is_weekend": 0.0
    }
}