{
    "XGBoost": {
        "mae": 14.04706432639789,
        "mse": 297.3497660813228,
        "rmse": 17.243832696976703,
        "r2": -0.26701756271707966
    }
}