{
    "Random Forest": {
        "temperature": 0.004643204030940253,
        "humidity": 0.007329815264496398,
        "wind_speed": 0.003200088589086738,
        "precipitation": 0.00331115871233546,
        "holiday": 0.0,
        "year": 0.00019196276879040824,
        "month": 0.0006478788700894799,
        "day": 0.006680164637633885,
        "day_of_week": 0.002151611724478004,
        "day_of_year": 0.004634794755894634,
        "week_of_year": 0.002687451507284478,
        "quarter": 0.0002922630823502199,
        "month_sin": 0.0012206418519216243,
        "month_cos": 0.0006709668302531703,
        "day_of_week_sin": 0.0033645865611314557,
        "day_of_week_cos": 0.0011646068993960569,
        "is_weekend": 0.0006137638707658622,
        "pm25_lag_1": 0.077942156457922,
        "pm25_lag_2": 0.030268871449303937,
        "pm25_lag_3": 0.0037142418361832586,
        "pm25_lag_7": 0.002150483853306676,
        "pm25_lag_14": 0.003652767594272444,
        "pm25_lag_30": 0.005357621506747629,
        "pm10_lag_1": 0.059166367808593065,
        "pm10_lag_2": 0.0509091257301974,
        "pm10_lag_3": 0.004240175931809431,
        "pm10_lag_7": 0.004701025201106154,
        "pm10_lag_14": 0.00487857747922899,
        "pm10_lag_30": 0.008956054435244144,
        "no2_lag_1": 0.002382501633947631,
        "no2_lag_2": 0.011209593282459818,
        "no2_lag_3": 0.0030980431663255345,
        "no2_lag_7": 0.0027908722823550797,
        "no2_lag_14": 0.012744609692669186,
        "no2_lag_30": 0.01952460081330066,
        "so2_lag_1": 0.0018975776893859144,
        "so2_lag_2": 0.009848481916848265,
        "so2_lag_3": 0.005339892307431496,
        "so2_lag_7": 0.005552939386196289,
        "so2_lag_14": 0.010771107833173428,
        "so2_lag_30": 0.020159580520483517,
        "o3_lag_1": 0.0026959255036687574,
        "o3_lag_2": 0.00870295245302824,
        "o3_lag_3": 0.004573339166320512,
        "o3_lag_7": 0.005859594975607409,
        "o3_lag_14": 0.010015052531047128,
        "o3_lag_30": 0.018889897660297198,
        "aqi_lag_1": 0.07634157071977099,
        "aqi_lag_2": 0.03041881973154505,
        "aqi_lag_3": 0.002319611893498773,
        "aqi_lag_7": 0.0016665845280459995,
        "aqi_lag_14": 0.0026978198828851775,
        "aqi_lag_30": 0.005753294791329027,
        "pm25_rolling_mean_7": 0.09598219443746071,
        "pm25_rolling_std_7": 0.010073063609990822,
        "pm25_rolling_mean_14": 0.006186324958188542,
        "pm25_rolling_std_14": 0.004893577605720054,
        "pm25_rolling_mean_30": 0.003961578653328055,
        "pm25_rolling_std_30": 0.002663274112164714,
        "pm10_rolling_mean_7": 0.011764597810262513,
        "pm10_rolling_std_7": 0.014495129013241875,
        "pm10_rolling_mean_14": 0.0056164270696742674,
        "pm10_rolling_std_14": 0.00426266527843456,
        "pm10_rolling_mean_30": 0.0071461584534649215,
        "pm10_rolling_std_30": 0.005626983965716537,
        "no2_rolling_mean_7": 0.004076123475083973,
        "no2_rolling_std_7": 0.006095223754814822,
        "no2_rolling_mean_14": 0.006517278066252816,
        "no2_rolling_std_14": 0.004917430475100347,
        "no2_rolling_mean_30": 0.004741924291436866,
        "no2_rolling_std_30": 0.0061971287350811085,
        "so2_rolling_mean_7": 0.006413078466642151,
        "so2_rolling_std_7": 0.006134401255866234,
        "so2_rolling_mean_14": 0.006618947474733447,
        "so2_rolling_std_14": 0.007032679782871706,
        "so2_rolling_mean_30": 0.0034090167943120696,
        "so2_rolling_std_30": 0.006173671568232405,
        "o3_rolling_mean_7": 0.011234389405196936,
        "o3_rolling_std_7": 0.006973508420579689,
        "o3_rolling_mean_14": 0.004270123509505261,
        "o3_rolling_std_14": 0.004743672032649403,
        "o3_rolling_mean_30": 0.006808855342594155,
        "o3_rolling_std_30": 0.003470786698300523,
        "aqi_rolling_mean_7": 0.12299937602577068,
        "aqi_rolling_std_7": 0.01164702778667602,
        "aqi_rolling_mean_14": 0.0033977930860713615,
        "aqi_rolling_std_14": 0.0025986232130424075,
        "aqi_rolling_mean_30": 0.003313501644941593,
        "aqi_rolling_std_30": 0.0035467701242121205
    },
    "XGBoost": {
        "temperature": 0.0016558747738599777,
        "humidity": 0.00205615465529263,
        "wind_speed": 0.002394347218796611,
        "precipitation": 0.0034994343295693398,
        "holiday": 0.0,
        "year": 0.0005921739502809942,
        "month": 0.0005559189594350755,
        "day": 0.013425945304334164,
        "day_of_week": 0.007778716739267111,
        "day_of_year": 0.002947588451206684,
        "week_of_year": 0.04178323969244957,
        "quarter": 0.0,
        "month_sin": 0.009216049686074257,
        "month_cos": 2.9266717319842428e-05,
        "day_of_week_sin": 0.006942391861230135,
        "day_of_week_cos": 0.0011607089545577765,
        "is_weekend": 0.0,
        "pm25_lag_1": 0.08576951175928116,
        "pm25_lag_2": 0.06462395191192627,
        "pm25_lag_3": 0.002144942292943597,
        "pm25_lag_7": 0.0003562763158697635,
        "pm25_lag_14": 0.004872171673923731,
        "pm25_lag_30": 0.014689813368022442,
        "pm10_lag_1": 0.01160696242004633,
        "pm10_lag_2": 0.06475363671779633,
        "pm10_lag_3": 0.0023883390240371227,
        "pm10_lag_7": 0.003350579645484686,
        "pm10_lag_14": 0.004214536398649216,
        "pm10_lag_30": 0.018084250390529633,
        "no2_lag_1": 0.00045063544530421495,
        "no2_lag_2": 0.013665791600942612,
        "no2_lag_3": 0.0013445235090330243,
        "no2_lag_7": 0.0013282280415296555,
        "no2_lag_14": 0.005497475154697895,
        "no2_lag_30": 0.012503801845014095,
        "so2_lag_1": 0.0019388683140277863,
        "so2_lag_2": 0.014885411597788334,
        "so2_lag_3": 0.00915046688169241,
        "so2_lag_7": 0.0013161285314708948,
        "so2_lag_14": 0.007984217256307602,
        "so2_lag_30": 0.012751800008118153,
        "o3_lag_1": 0.001276940107345581,
        "o3_lag_2": 0.006256787572056055,
        "o3_lag_3": 0.006864409893751144,
        "o3_lag_7": 0.003539577592164278,
        "o3_lag_14": 0.011319395154714584,
        "o3_lag_30": 0.020891277119517326,
        "aqi_lag_1": 0.0,
        "aqi_lag_2": 0.0,
        "aqi_lag_3": 0.0,
        "aqi_lag_7": 0.0,
        "aqi_lag_14": 0.0,
        "aqi_lag_30": 0.0,
        "pm25_rolling_mean_7": 0.24447019398212433,
        "pm25_rolling_std_7": 0.0071653276681900024,
        "pm25_rolling_mean_14": 0.02321530319750309,
        "pm25_rolling_std_14": 0.00681208586320281,
        "pm25_rolling_mean_30": 0.02376517467200756,
        "pm25_rolling_std_30": 0.013917812146246433,
        "pm10_rolling_mean_7": 0.00239301729016006,
        "pm10_rolling_std_7": 0.010919139720499516,
        "pm10_rolling_mean_14": 0.021863458678126335,
        "pm10_rolling_std_14": 0.010099533945322037,
        "pm10_rolling_mean_30": 0.007517506834119558,
        "pm10_rolling_std_30": 0.012254082597792149,
        "no2_rolling_mean_7": 0.007141448557376862,
        "no2_rolling_std_7": 0.0013773231767117977,
        "no2_rolling_mean_14": 0.004334730561822653,
        "no2_rolling_std_14": 0.007022775709629059,
        "no2_rolling_mean_30": 0.0031431950628757477,
        "no2_rolling_std_30": 0.01887991838157177,
        "so2_rolling_mean_7": 0.009625370614230633,
        "so2_rolling_std_7": 0.0028422712348401546,
        "so2_rolling_mean_14": 0.001710153417661786,
        "so2_rolling_std_14": 0.006913474295288324,
        "so2_rolling_mean_30": 0.0033450720366090536,
        "so2_rolling_std_30": 0.0068355523981153965,
        "o3_rolling_mean_7": 0.017859838902950287,
        "o3_rolling_std_7": 0.003439854132011533,
        "o3_rolling_mean_14": 0.0013158096699044108,
        "o3_rolling_std_14": 0.004663493018597364,
        "o3_rolling_mean_30": 0.007950430735945702,
        "o3_rolling_std_30": 0.0033481656573712826,
        "aqi_rolling_mean_7": 0.0,