{
    "Linear Regression": {
        "mae": 17.367793413165277,
        "mse": 466.9098041432487,
        "rmse": 21.60809580095499,
        "r2": -0.9895187067088353
    },
    "Random Forest": {
        "mae": 8.840258137784437,
        "mse": 132.33220559452522,
        "rmse": 11.503573601039166,
        "r2": 0.43612792836199776
    },
    "XGBoost": {
        "mae": 9.348509959557822,
        "mse": 164.36462676377965,
        "rmse": 12.820476853993366,
        "r2": 0.29963668193305026
    }
}